pcp_id,panel_size,high_risk_patients,high_risk_pct,avg_panel_risk_score,avg_cost_per_patient
PCP0116,52.0,22.0,42.3,42.0,17279.0
PCP0140,37.0,15.0,40.5,41.7,18202.0
PCP0114,43.0,17.0,39.5,39.4,17032.0
PCP0118,52.0,20.0,38.5,41.4,13722.0
PCP0178,40.0,15.0,37.5,42.6,14749.0
PCP0014,51.0,19.0,37.3,43.4,21719.0
PCP0066,43.0,16.0,37.2,41.7,17753.0
PCP0174,49.0,17.0,34.7,42.3,18691.0
PCP0168,49.0,17.0,34.7,38.0,15961.0
PCP0096,44.0,15.0,34.1,40.1,16223.0
PCP0179,53.0,18.0,34.0,37.8,15509.0
PCP0181,45.0,15.0,33.3,40.3,19027.0
PCP0130,55.0,18.0,32.7,37.9,15150.0
PCP0081,43.0,14.0,32.6,40.4,16234.0
PCP0007,62.0,20.0,32.3,41.0,19540.0
PCP0067,50.0,16.0,32.0,36.8,14031.0
PCP0142,44.0,14.0,31.8,40.5,15931.0
PCP0199,44.0,14.0,31.8,38.8,14713.0
PCP0144,54.0,17.0,31.5,39.5,14974.0
PCP0108,51.0,16.0,31.4,37.3,15694.0
PCP0060,51.0,16.0,31.4,38.4,14261.0
PCP0176,58.0,18.0,31.0,37.8,15744.0
PCP0101,55.0,17.0,30.9,39.5,15917.0
PCP0122,49.0,15.0,30.6,37.8,17352.0
PCP0089,46.0,14.0,30.4,41.0,17066.0
PCP0028,46.0,14.0,30.4,39.7,17019.0
PCP0001,53.0,16.0,30.2,38.2,15327.0
PCP0120,40.0,12.0,30.0,39.2,14668.0
PCP0046,50.0,15.0,30.0,39.4,19396.0
PCP0041,50.0,15.0,30.0,39.7,15690.0
PCP0039,47.0,14.0,29.8,38.1,18509.0
PCP0167,54.0,16.0,29.6,37.0,18408.0
PCP0062,44.0,13.0,29.5,36.2,17188.0
PCP0177,51.0,15.0,29.4,38.8,17537.0
PCP0065,51.0,15.0,29.4,38.5,16321.0
PCP0173,48.0,14.0,29.2,40.6,17286.0
PCP0090,38.0,11.0,28.9,39.6,17337.0
PCP0191,52.0,15.0,28.8,40.7,18507.0
PCP0112,66.0,19.0,28.8,36.8,17759.0
PCP0147,52.0,15.0,28.8,38.0,18698.0
PCP0004,42.0,12.0,28.6,39.6,15444.0
PCP0102,56.0,16.0,28.6,41.3,17525.0
PCP0155,60.0,17.0,28.3,39.2,16737.0
PCP0086,46.0,13.0,28.3,37.3,16614.0
PCP0190,46.0,13.0,28.3,38.6,14825.0
PCP0068,46.0,13.0,28.3,39.9,16663.0
PCP0093,57.0,16.0,28.1,39.4,16648.0
PCP0031,50.0,14.0,28.0,38.2,16381.0
PCP0077,50.0,14.0,28.0,38.3,18378.0
PCP0196,50.0,14.0,28.0,36.3,18774.0
PCP0048,51.0,14.0,27.5,37.9,18494.0
PCP0022,51.0,14.0,27.5,37.2,16029.0
PCP0076,51.0,14.0,27.5,40.5,18102.0
PCP0104,55.0,15.0,27.3,37.0,16649.0
PCP0027,48.0,13.0,27.1,36.3,15798.0
PCP0026,48.0,13.0,27.1,38.4,13477.0
PCP0151,48.0,13.0,27.1,36.7,14345.0
PCP0132,48.0,13.0,27.1,38.8,16446.0
PCP0126,67.0,18.0,26.9,38.0,18256.0
PCP0149,52.0,14.0,26.9,39.2,17567.0
PCP0084,41.0,11.0,26.8,40.2,17839.0
PCP0047,60.0,16.0,26.7,38.5,18616.0
PCP0052,45.0,12.0,26.7,38.8,16041.0
PCP0162,53.0,14.0,26.4,37.5,18078.0
PCP0197,53.0,14.0,26.4,36.0,14801.0
PCP0010,42.0,11.0,26.2,35.8,16320.0
PCP0098,42.0,11.0,26.2,36.6,16422.0
PCP0123,46.0,12.0,26.1,37.0,14826.0
PCP0017,46.0,12.0,26.1,37.1,18471.0
PCP0127,46.0,12.0,26.1,36.0,17940.0
PCP0020,50.0,13.0,26.0,39.1,15454.0
PCP0006,54.0,14.0,25.9,38.0,16306.0
PCP0145,58.0,15.0,25.9,35.6,13638.0
PCP0175,43.0,11.0,25.6,37.0,15179.0
PCP0049,43.0,11.0,25.6,35.6,14942.0
PCP0115,47.0,12.0,25.5,37.4,15357.0
PCP0136,47.0,12.0,25.5,38.4,16793.0
PCP0074,47.0,12.0,25.5,37.0,20377.0
PCP0121,55.0,14.0,25.5,38.9,16574.0
PCP0131,51.0,13.0,25.5,33.6,15219.0
PCP0063,55.0,14.0,25.5,37.9,14926.0
PCP0030,47.0,12.0,25.5,39.0,15069.0
PCP0033,47.0,12.0,25.5,37.2,14776.0
PCP0011,51.0,13.0,25.5,37.3,16999.0
PCP0166,51.0,13.0,25.5,36.9,18022.0
PCP0153,51.0,13.0,25.5,37.8,14498.0
PCP0148,59.0,15.0,25.4,36.8,16053.0
PCP0184,67.0,17.0,25.4,40.3,18042.0
PCP0029,56.0,14.0,25.0,36.3,15872.0
PCP0038,52.0,13.0,25.0,37.2,17186.0
PCP0158,56.0,14.0,25.0,36.7,14134.0
PCP0164,44.0,11.0,25.0,39.5,16385.0
PCP0083,60.0,15.0,25.0,38.1,13993.0
PCP0088,65.0,16.0,24.6,36.9,15198.0
PCP0032,61.0,15.0,24.6,39.8,18353.0
PCP0091,53.0,13.0,24.5,36.5,14806.0
PCP0036,45.0,11.0,24.4,36.6,14702.0
PCP0042,50.0,12.0,24.0,37.4,16840.0
PCP0037,50.0,12.0,24.0,34.6,14035.0
PCP0188,50.0,12.0,24.0,37.8,15890.0
PCP0075,46.0,11.0,23.9,36.1,16186.0
PCP0015,67.0,16.0,23.9,39.9,14739.0
PCP0045,55.0,13.0,23.6,37.9,14891.0
PCP0192,51.0,12.0,23.5,36.5,14489.0
PCP0059,51.0,12.0,23.5,36.2,14252.0
PCP0057,47.0,11.0,23.4,38.7,16394.0
PCP0097,47.0,11.0,23.4,37.5,15633.0
PCP0133,60.0,14.0,23.3,36.1,15661.0
PCP0021,60.0,14.0,23.3,37.8,16818.0
PCP0055,39.0,9.0,23.1,37.6,14049.0
PCP0200,48.0,11.0,22.9,36.8,17037.0
PCP0111,48.0,11.0,22.9,37.6,18768.0
PCP0009,35.0,8.0,22.9,37.2,12924.0
PCP0071,48.0,11.0,22.9,35.4,16857.0
PCP0109,48.0,11.0,22.9,36.4,15544.0
PCP0018,48.0,11.0,22.9,34.7,17511.0
PCP0078,35.0,8.0,22.9,34.2,14160.0
PCP0005,53.0,12.0,22.6,36.7,15555.0
PCP0124,40.0,9.0,22.5,36.5,17315.0
PCP0154,49.0,11.0,22.4,37.1,16200.0
PCP0003,58.0,13.0,22.4,38.2,16485.0
PCP0095,45.0,10.0,22.2,38.4,17481.0
PCP0150,63.0,14.0,22.2,33.1,14051.0
PCP0105,63.0,14.0,22.2,36.4,14072.0
PCP0193,59.0,13.0,22.0,36.3,13817.0
PCP0138,55.0,12.0,21.8,36.6,16562.0
PCP0107,55.0,12.0,21.8,36.8,15992.0
PCP0129,46.0,10.0,21.7,36.8,15125.0
PCP0035,46.0,10.0,21.7,36.7,13527.0
PCP0024,46.0,10.0,21.7,37.5,17130.0
PCP0016,51.0,11.0,21.6,34.1,12661.0
PCP0137,51.0,11.0,21.6,34.6,14757.0
PCP0043,42.0,9.0,21.4,37.1,13982.0
PCP0072,47.0,10.0,21.3,37.2,18029.0
PCP0110,47.0,10.0,21.3,36.5,13573.0
PCP0051,47.0,10.0,21.3,37.4,16716.0
PCP0002,52.0,11.0,21.2,36.8,15915.0
PCP0170,52.0,11.0,21.2,36.0,15969.0
PCP0025,57.0,12.0,21.1,36.8,17494.0
PCP0054,38.0,8.0,21.1,37.3,14976.0
PCP0141,43.0,9.0,20.9,33.6,14892.0
PCP0044,53.0,11.0,20.8,37.3,16979.0
PCP0182,58.0,12.0,20.7,36.5,16510.0
PCP0094,34.0,7.0,20.6,36.9,16252.0
PCP0198,63.0,13.0,20.6,36.6,15903.0
PCP0134,44.0,9.0,20.5,37.2,15142.0
PCP0171,49.0,10.0,20.4,36.2,16893.0
PCP0106,49.0,10.0,20.4,38.5,18150.0
PCP0113,49.0,10.0,20.4,35.3,11779.0
PCP0157,59.0,12.0,20.3,34.5,13763.0
PCP0050,59.0,12.0,20.3,35.8,14608.0
PCP0056,45.0,9.0,20.0,36.0,13940.0
PCP0053,50.0,10.0,20.0,37.3,16417.0
PCP0099,50.0,10.0,20.0,35.9,15865.0
PCP0161,51.0,10.0,19.6,37.7,16810.0
PCP0070,56.0,11.0,19.6,33.1,14167.0
PCP0087,51.0,10.0,19.6,37.2,15491.0
PCP0195,47.0,9.0,19.1,34.6,14652.0
PCP0040,47.0,9.0,19.1,34.0,14793.0
PCP0186,53.0,10.0,18.9,38.3,17263.0
PCP0143,48.0,9.0,18.8,37.1,16480.0
PCP0185,54.0,10.0,18.5,34.4,15021.0
PCP0172,49.0,9.0,18.4,35.8,17503.0
PCP0012,49.0,9.0,18.4,34.7,16918.0
PCP0085,55.0,10.0,18.2,35.1,13325.0
PCP0194,56.0,10.0,17.9,33.4,12531.0
PCP0180,39.0,7.0,17.9,34.3,16798.0
PCP0189,39.0,7.0,17.9,34.3,13486.0
PCP0152,39.0,7.0,17.9,35.5,18097.0
PCP0135,51.0,9.0,17.6,34.2,14191.0
PCP0064,52.0,9.0,17.3,36.8,16711.0
PCP0128,52.0,9.0,17.3,33.8,14439.0
PCP0092,52.0,9.0,17.3,33.4,13003.0
PCP0183,41.0,7.0,17.1,32.4,16579.0
PCP0073,53.0,9.0,17.0,34.5,15309.0
PCP0117,60.0,10.0,16.7,34.5,13390.0
PCP0187,48.0,8.0,16.7,32.7,14097.0
PCP0139,54.0,9.0,16.7,34.8,13208.0
PCP0146,55.0,9.0,16.4,33.6,12803.0
PCP0023,62.0,10.0,16.1,34.8,14090.0
PCP0061,50.0,8.0,16.0,32.4,12814.0
PCP0169,50.0,8.0,16.0,34.7,11772.0
PCP0082,51.0,8.0,15.7,36.4,15830.0
PCP0125,45.0,7.0,15.6,32.4,13532.0
PCP0013,46.0,7.0,15.2,32.8,15118.0
PCP0119,53.0,8.0,15.1,33.3,13349.0
PCP0163,47.0,7.0,14.9,33.9,13526.0
PCP0080,47.0,7.0,14.9,33.4,13388.0
PCP0156,41.0,6.0,14.6,32.0,11928.0
PCP0008,49.0,7.0,14.3,36.0,15026.0
PCP0079,42.0,6.0,14.3,36.4,14483.0
PCP0058,50.0,7.0,14.0,33.5,12580.0
PCP0159,50.0,7.0,14.0,34.7,17202.0
PCP0100,50.0,7.0,14.0,34.6,15355.0
PCP0034,50.0,7.0,14.0,34.2,14705.0
PCP0069,44.0,6.0,13.6,33.2,13775.0
PCP0103,47.0,6.0,12.8,31.7,18640.0
PCP0160,49.0,6.0,12.2,30.1,10556.0
PCP0019,53.0,6.0,11.3,32.5,12351.0
PCP0165,50.0,5.0,10.0,33.1,11989.0
